merchant,message_type,message
김밥천국 종로3가점,most_spent,허허 김밥천국에서 이리 큰돈을 썼다는 것은 필시 헛헛한 마음에 이것저것 너무 많이 시킨 탓일세. 다음부터는 든든한 식사 메뉴 하나만 딱 정해두고 곁들이는 음식의 유혹은 참아내게. 작은 습관이 큰돈을 막는 법이니라.
김밥천국 종로3가점,most_frequent,김밥천국 문턱이 닳도록 드나드는 것은 간편함 때문이겠지. 허나 그 작은 돈이 모여 태산을 이루는 법일세. 일주일에 두어 번은 집에서 직접 밥을 지어 도시락을 싸가는 노력을 해보게. 그것이 곧 절약의 첫걸음이니라.
BHC치킨 분당정자점,most_spent,닭튀김이야 맛이 좋지만 한 번에 여러 마리를 시키거나 비싼 곁들임 메뉴를 추가하면 지출이 걷잡을 수 없이 커지는 법. 진정 먹고 싶을 땐 반 마리나 저렴한 부위 메뉴를 찾아보고 여럿이 먹을 땐 각자 조금씩 돈을 모아 시키는 것이 현명할 걸세.
BHC치킨 분당정자점,most_frequent,일주일에 몇 번씩이나 기름진 닭튀김을 찾는 것은 몸에도 지갑에도 좋지 않은 습관일세. 닭고기가 먹고 싶거든 시장에서 신선한 닭을 사다 직접 백숙을 끓여 먹거나 닭볶음탕을 해 먹어보게. 더 푸짐하고 저렴하게 즐길 수 있을 것이야.
한솥도시락 수원영통점,most_spent,한솥도시락은 저렴함이 장점인데 여기서 큰돈을 썼다는 건 분명 가장 값비싼 메뉴에 여러 튀김까지 추가한 게로구나. 기본에 충실한 도시락을 선택하게. 배는 똑같이 부르고 돈은 절반으로 줄어들 것이니 이보다 더한 지혜가 어디 있겠는가.
한솥도시락 수원영통점,most_frequent,매일같이 도시락을 사 먹는 습관은 편할지 몰라도 결국엔 낭비로 이어지는 길이네. 전날 저녁에 밥을 넉넉히 하여 다음날 먹을 도시락을 미리 준비해두는 습관을 들여보게. 시간도 아끼고 돈도 아끼는 일석이조의 묘책일세.
애슐리퀸즈 가든파이브점,most_spent,뷔페는 본래 과소비를 부르는 곳이니라. 내 뱃속에 들어가는 것보다 버려지는 음식이 더 많을 수 있음을 명심하게. 진정 배불리 먹고 싶거든 차라리 정갈한 백반집에서 든든한 정식 한 상을 받는 것이 훨씬 실속 있는 선택일세.
애슐리퀸즈 가든파이브점,most_frequent,뷔페를 즐겨 찾는 것은 사치스러운 습관의 시작이니 크게 경계해야 하네. 한두 달에 한 번 스스로에게 상을 내리는 특별한 날에만 방문하도록 스스로와 약조하게. 평소에는 그 돈을 차곡차곡 모아 더 큰 기쁨을 도모하게나.
홍콩반점0410 신촌연세점,most_spent,짜장면 한 그릇으로 족할 것을 탕수육에 짬뽕까지 시켜 상다리가 휘어지게 차렸구먼. 주객이 전도된 소비일세. 다음부터는 오늘은 짜장면만 하고 마음을 굳게 먹고 가게. 탕수육의 유혹을 이겨내는 자가 돈을 모을 수 있느니라.
홍콩반점0410 신촌연세점,most_frequent,일주일에 몇 번이고 기름진 중화요리를 찾는다면 속도 더부룩하고 지갑도 얇아질 뿐일세. 그 돈이면 시장에서 좋은 채소와 고기를 사다 훨씬 건강하고 푸짐한 집밥을 해 먹을 수 있음을 잊지 말게.
아웃백스테이크하우스 강남본점,most_spent,칼질하는 즐거움이 크다만 그만큼 큰돈이 나가는 법이지. 이런 곳은 큰 경사나 기념할 만한 날을 위해 아껴두는 것이 좋으이. 평소에는 대형 마트에서 질 좋은 고기를 사다 직접 구워 먹어보게. 솜씨는 서툴러도 맛과 절약은 배가 될 것이야.
아웃백스테이크하우스 강남본점,most_frequent,아웃백을 제집 드나들듯 하는 것은 부잣집 도령이나 할 법한 일이네. 매번 외식으로 지출을 늘리기보다는 그 돈으로 저축을 하거나 자기계발에 투자하는 것이 자네의 미래를 훨씬 윤택하게 만들 걸세.
배달의민족(쿠폰적용),most_spent,배달 음식은 편리함을 돈으로 사는 것과 같네. 쿠폰을 썼다 한들 배달비에 최소주문금액까지 맞추다 보면 결국엔 과한 지출이 되기 십상이지. 조금 귀찮더라도 직접 가게에 가서 포장해오면 배달비를 아낄 수 있음을 명심하게.
배달의민족(쿠폰적용),most_frequent,오늘은 뭘 시켜 먹나 하는 고민이 습관이 되었구먼. 이는 게으름이 부른 과소비일세. 일주일에 딱 하루만 배달의 날로 정하고 나머지 날은 냉장고 속 재료들로 무엇을 해 먹을지 고민하는 즐거움을 찾아보게.
맥도날드 강남대로점,most_spent,햄버거 하나로도 충분한 것을 감자튀김에 음료수 아이스크림까지 더해 상을 거하게 차렸구먼. 다음부터는 꼭 필요한 단품만 주문하는 용기를 내보게나. 세트 메뉴의 유혹은 달콤하지만 그 끝은 텅 빈 지갑뿐이니라.
맥도날드 강남대로점,most_frequent,빠르고 간편하다 하여 자주 찾다 보면 어느새 식비의 큰 부분을 차지하게 될 걸세. 아침이라면 집에서 누룽지라도 끓여 먹고 점심이라면 구내식당이나 저렴한 백반집을 이용하는 것이 훨씬 속도 든든하고 돈도 아끼는 길일세.
빕스 잠실롯데월드점,most_spent,샐러드바를 이용한다는 명목으로 시작해 스테이크까지 썰었으니 지출이 산처럼 불어나는 것이 당연하지. 이런 곳에서는 내 배의 크기를 과신하지 말고 먹을 만큼만 적당히 즐기는 지혜가 필요하네.
빕스 잠실롯데월드점,most_frequent,여보게 빕스는 잔칫날에나 가는 곳이지 매주 출근 도장을 찍을 곳이 아닐세. 그곳에 갈 돈을 아껴 꾸준히 저축한다면 나중에는 더 크고 의미 있는 곳에 쓸 수 있는 목돈이 될 것이니 눈앞의 즐거움보다는 먼 미래를 보게나.
배민B마트 삼성역점,most_spent,당장 필요하지도 않은 물건들을 필요할 것 같아서라는 이유로 장바구니에 가득 담았구먼. B마트는 급할 때 소량만 사는 곳이지 장을 보는 곳이 아님을 명심하게. 주말에 시간을 내어 대형 마트에서 일주일치 장을 보는 계획을 세우게.
배민B마트 삼성역점,most_frequent,틈만 나면 B마트를 이용하는 것은 편리함에 중독된 것과 같네. 집 앞 슈퍼에만 다녀와도 될 것을 배달비까지 내가며 물건을 받는 것은 명백한 낭비일세. 조금만 부지런을 떨면 아낄 수 있는 돈이라는 것을 잊지 말게나.
스타벅스코리아 서울대입구역점,most_spent,별다방에서 큰돈을 썼다는 건 필시 밥값보다 비싼 음료에 달콤한 과자(디저트)까지 곁들인 게로구나. 커피는 가장 기본으로 족하네. 신기한 이름의 음료와 값비싼 기념품(MD)은 눈길조차 주지 않는 것이 상책일세.
스타벅스코리아 서울대입구역점,most_frequent,매일같이 별다방에 출근 도장을 찍는 것은 부유한 양반이나 할 법한 일이네. 집에서 직접 커피를 내려 보온병(텀블러)에 담아 다니는 습관을 들여보게. 향은 더 깊고 지갑은 두둑해질 것이야.
이디야커피 판교테크노밸리점,most_spent,값이 저렴한 곳이라 하여 마음을 놓았구나. 여럿의 커피를 한 번에 사는 것은 인심 좋은 일이나 내 지갑 사정부터 살피는 것이 먼저일세. 다음부턴 각자 계산하는 문화를 만들어 보게나.
이디야커피 판교테크노밸리점,most_frequent,티끌 모아 태산이라 하였거늘 저렴한 커피라도 매일 마시면 결코 적은 돈이 아닐세. 사무실에 커피믹스나 차(茶)를 구비해두고 밖에서 마시는 횟수를 절반으로 줄여보게. 그 변화에 자네도 놀랄 것이야.
투썸플레이스 강남역11번출구점,most_spent,이곳은 커피집을 가장한 과자(케이크) 집이나 마찬가지이니 한번 발을 들이면 큰 지출은 피할 수 없는 법. 커피와 과자는 별개로 생각하게. 커피는 커피집에서 과자는 특별한 날에만 맛보는 것으로 규칙을 정하게나.
투썸플레이스 강남역11번출구점,most_frequent,값비싼 케이크와 커피를 자주 즐기는 것은 사치일 뿐 결코 습관이 되어서는 아니 되네. 달콤한 유혹을 이겨내는 자만이 돈을 모을 자격이 있는 법. 이곳은 한 달에 한 번 스스로에게 상을 내릴 때만 찾도록 하게.
메가MGC커피 수원영통역점,most_spent,양이 많고 값이 싸다 하여 여러 잔을 사서 남기지는 않았는가? 마실 만큼만 주문하는 것이 기본일세. 동료들의 것까지 사는 넓은 아량은 잠시 접어두고 각자의 커피는 각자가 책임지도록 하는 것이 어떤가.
메가MGC커피 수원영통역점,most_frequent,싼 맛에 매일같이 들르다 보면 나중에는 커피 없이는 하루를 시작하지 못하게 될 걸세. 습관이란 이리도 무서운 것일세. 하루는 커피 대신 맑은 물을 마시며 정신을 깨워보게. 몸도 가벼워지고 지갑 사정도 나아질 것이야.
빽다방 신촌명물거리점,most_spent,빽다방의 저렴함을 믿고 이것저것 신기한 메뉴를 다 맛보려 한 게로구나. 가장 기본이 되는 커피 한 잔의 가격을 기억하게. 곁들이는 사라다빵이나 소시지빵의 유혹을 참는다면 지출을 크게 줄일 수 있을 걸세.
빽다방 신촌명물거리점,most_frequent,값이 싸다는 이유로 하루에도 몇 번씩 드나드는 것은 아닌지 스스로를 돌아보게. 한 번에 마실 양을 정해두고 그 이상은 마시지 않는 절제심을 기르는 것이 중요하네. 물배 채우듯 커피 배를 채우지는 말게나.
폴바셋 삼성타운점,most_spent,이곳의 커피 값은 웬만한 밥 한 끼 값과 맞먹으니 여기서 큰돈을 썼다는 것은 실로 큰 낭비를 한 것과 같네. 진정 커피의 깊은 맛을 즐기고 싶다면 좋은 원두를 사다 집에서 직접 내려 마시는 법을 배워보게.
폴바셋 삼성타운점,most_frequent,이곳의 커피를 매일같이 마시는 것은 녹봉을 탕진하는 지름길일세. 이곳은 커피 맛을 감별하는 특별한 날에만 들르고 평소에는 저렴한 곳을 이용하거나 직접 타 마시는 습관을 들여야 하네.
컴포즈커피 분당서현점,most_spent,아무리 저렴한 커피라도 여럿이 모여 마신다면 그 비용은 무시할 수 없네. 특히나 디저트까지 곁들였다면 배보다 배꼽이 더 큰 격이지. 다음 모임에서는 각자 마실 것만 주문하는 것을 규칙으로 삼아보게.
컴포즈커피 분당서현점,most_frequent,하루의 시작을 저렴한 커피로 하는 습관이 들었구먼. 그 돈을 아껴 한 달을 모으면 웬만한 책 한 권은 살 수 있는 돈이 된다네. 아침잠을 조금 줄여 집에서 차 한 잔의 여유를 즐기는 것이 더 현명한 길이니라.
할리스커피 여의도IFC몰점,most_spent,이곳은 커피 외에도 빙수나 빵 같은 유혹이 많은 곳. 친구와 함께 빙수라도 먹었다면 지출이 컸을 테지. 식사는 밥집에서 커피는 찻집에서 해결하는 것이 기본일세. 한곳에서 모든 것을 해결하려는 편리함이 과소비를 부른다네.
할리스커피 여의도IFC몰점,most_frequent,혹여 커피 값으로 자릿세를 내고 있는 것은 아닌지 되돌아보게. 공부나 일을 할 공간이 필요하다면 도서관이나 조용한 공원을 찾아보는 것은 어떤가? 꼭 돈을 써야만 공간을 얻을 수 있는 것은 아닐세.
엔제리너스 코엑스몰점,most_spent,천사의 유혹처럼 달콤한 메뉴가 많은 곳이지. 허나 그 달콤함의 대가는 쓴 법. 화려한 이름의 음료보다는 기본에 충실한 아메리카노나 라떼를 선택하게. 그것만으로도 충분히 휴식을 즐길 수 있을 걸세.
엔제리너스 코엑스몰점,most_frequent,정해진 약속 없이 습관처럼 카페를 찾는 것은 아닌가? 약속이 있을 때만 카페를 이용하고 평소에는 물이나 직접 우린 차를 마시는 습관을 들여보게. 지출 내역에서 카페 항목이 눈에 띄게 줄어들 것이야.
파스쿠찌 홍대정문점,most_spent,이탈리아 장인이 만든 듯한 젤라토와 케이크의 유혹에 넘어갔구먼. 커피는 목을 축이는 것이요 디저트는 기분을 내는 것. 이 둘을 항상 함께할 필요는 없네. 특히나 젤라토는 밥값과 맞먹으니 진정 특별한 날에만 맛보도록 하게.
파스쿠찌 홍대정문점,most_frequent,매일같이 진한 이탈리아식 커피를 즐기는 것은 멋스러운 일이나 그만큼 지갑도 가벼워지는 법일세. 커피 맛을 진정 아낀다면 집에서 모카포트를 이용해 직접 내려 마셔보게. 비용은 십 분의 일로 줄고 즐거움은 배가 될 것이니라.
이마트 성수점,most_spent,빈 수레가 요란하고 빈속은 과소비를 부르는 법. 필시 배가 고플 때 장을 보러 가 이것저것 닥치는 대로 담았을 게야. 다음부터는 꼭 식사를 든든히 하고 사야 할 것들의 목록(리스트)을 종이에 적어 그것만 사서 나오도록 하게.
이마트 성수점,most_frequent,대형 마트를 잦게 드나드는 것은 동네 마실 가듯 하는 것이 아닐세. 갈 때마다 눈에 띄는 할인 상품에 현혹되어 불필요한 지출만 늘어날 뿐. 일주일에 단 하루 날을 정해 필요한 것만 장을 보는 습관을 들이게.
홈플러스 잠실점,most_spent,하나 사면 하나 더라는 말에 속아 필요 이상의 물건을 쟁여두지는 않았는가? 당장의 할인은 달콤하지만 결국 쓰지 않고 버리게 되면 가장 큰 낭비가 되는 법일세. 꼭 필요한 만큼만 사는 지혜가 필요하네.
홈플러스 잠실점,most_frequent,일주일에 여러 번 장을 보는 것은 시간 낭비 돈 낭비일 뿐일세. 냉장고에 무엇이 있는지 먼저 살피고 그것들을 활용해 식단을 짠 뒤에 부족한 것만 사러 가는 것이 순서이니라. 냉장고를 채우기 전에 먼저 비우게나.
롯데마트 수지점,most_spent,카트가 가득 찰수록 지갑은 비는 법. 특히나 계산대 앞에 놓인 자질구레한 물건들은 원래 사려던 것이 아님을 명심하게. 마지막 순간의 유혹을 이겨내는 자만이 현명한 소비를 할 수 있네.
롯데마트 수지점,most_frequent,집 근처에 있다 하여 심심할 때마다 들르는 것은 아닌지 돌아보게. 마트는 놀이터가 아닐세. 한 번 갈 때마다 생각지 못한 지출이 생기는 곳이니 목적 없이 드나드는 발길을 끊어야 하네.
코스트코 상봉점,most_spent,대용량의 저렴함에 현혹되어 창고를 채울 기세로 물건을 담았구먼. 그 많은 것을 다 먹고 쓸 수 있을지 먼저 헤아려보게. 이웃과 함께 나누어 사거나 정말 필요한 대용량 품목만 고르는 안목을 길러야 하네.
코스트코 상봉점,most_frequent,코스트코를 자주 간다는 것은 계획 없는 소비의 극치일세. 이곳은 한 달에 한 번 혹은 두 달에 한 번 온 가족이 필요한 것을 목록으로 만들어 가는 곳이지 동네 슈퍼처럼 드나들 곳이 아니란 말이네.
CU 서울역2호점,most_spent,편의점에서 큰돈을 썼다는 것은 편리함이라는 이름의 값비싼 세금을 낸 것과 같네. 2+1 행사 상품에 눈이 멀어 정작 필요 없는 물건까지 사지는 않았는지 돌아보게. 편의점은 급할 때만 이용하는 비상 약방 같은 곳으로 여겨야 하네.
CU 서울역2호점,most_frequent,하루가 멀다 하고 편의점에 들러 음료수나 간식을 사는 습관은 밑 빠진 독에 물 붓기와 같네. 마실 물은 집에서 챙겨오고 간식은 대형 마트에서 대량으로 사다 조금씩 나누어 먹는 것이 절약의 기본일세.
GS25 강남구청점,most_spent,필시 간단한 식사를 하러 들어갔다가 신기한 신상품과 할인 딱지에 홀려 장바구니를 채웠을 게다. 편의점의 도시락은 편리하지만 집밥보다 비싸고 건강에도 좋지 않으니 꼭 급할 때가 아니면 피하는 것이 좋으이.
GS25 강남구청점,most_frequent,아침저녁으로 편의점에 들르는 발걸음이 쌓여 한 달이면 큰돈이 된다는 것을 아는가? 그 돈을 모아 저축한다면 일 년 뒤에는 자네에게 큰 선물이 될 걸세. 사소한 습관을 바꾸는 것이 부자가 되는 첫걸음이니라.
세븐일레븐 종각역점,most_spent,한밤중에 출출함을 이기지 못하고 야식을 사러 갔다가 이것저것 구경하며 불필요한 것까지 담았을 게야. 늦은 밤의 소비는 충동적인 경우가 많으니 저녁을 든든히 먹고 일찍 잠자리에 드는 것이 야식비와 군것질비를 아끼는 최고의 방법일세.
세븐일레븐 종각역점,most_frequent,편리하다는 것은 더 비싸다는 말과 같음을 잊지 말게. 집 앞 슈퍼보다 비싼 값을 치르면서도 자주 이용하는 것은 게으름의 다른 이름일 뿐. 조금만 발품을 팔면 아낄 수 있는 돈을 헛되이 쓰지 말게나.
이마트24 판교역점,most_spent,역 앞에 있다 하여 집에 가는 길에 잠깐 들러 맥주 몇 캔과 안주거리를 산 것이 큰 지출로 이어졌을 테지. 하루의 고단함을 푸는 것도 좋지만 매일 반복된다면 곤란하네. 집 냉장고에 미리 저렴한 맥주를 채워두는 편이 훨씬 경제적일세.
이마트24 판교역점,most_frequent,출퇴근길에 편의점에 들르는 것이 일과가 되었구먼. 이는 정해진 동선 안에서 생각 없이 돈을 쓰는 가장 나쁜 습관 중 하나일세. 내일부터는 편의점 쪽은 쳐다보지도 말고 곧장 집으로 향하는 용기를 내보게.
노브랜드 목동점,most_spent,노브랜드라는 이름에 마음을 놓고 이것저것 카트에 담다 보면 결국엔 이마트에서 장을 본 것과 다름없는 금액이 나오기 마련일세. 싸다고 무조건 좋은 것이 아니니 정말 나에게 필요한 물건인지 세 번은 고민하고 담게나.
노브랜드 목동점,most_frequent,과자나 냉동식품 같은 기호식품을 사러 자주 들르는 것은 아닌가? 저렴한 가격이 오히려 잦은 소비를 부추기는 덫이 될 수 있네. 이곳 역시 대형 마트와 같이 일주일치 계획을 세워 방문하는 것이 현명한 방법일세.
GS THE FRESH 수원망포점,most_spent,대형 마트보다는 작고 편의점보다는 크다 하여 어중간하게 장을 보다 보면 이도 저도 아닌 지출만 늘게 되네. 채소 몇 가지 과일 한두 개를 사러 갔다가 가공식품까지 담아오진 않았는지 돌아보게. 계획이 반이라는 말을 잊지 말게.
GS THE FRESH 수원망포점,most_frequent,집 앞에 있다는 편리함 때문에 매일같이 들러 하루 먹을거리를 사는 것은 아닌지? 이는 하루 벌어 하루 사는 것과 같은 소비 습관일세. 최소한 3일치 식료품은 미리 계획하여 한 번에 구매하는 습관을 들여야 돈의 흐름을 잡을 수 있네.
CGV 용산아이파크몰,most_spent,영화 한 편 보자고 가장 비싼 특별관에 앉아 밥값보다 비싼 팝콘까지 먹었구나. 영화의 감동은 스크린의 크기가 아니라 이야기의 깊이에서 오는 법. 다음부터는 일반관을 이용하고 간식의 유혹은 꿋꿋이 이겨내게.
CGV 용산아이파크몰,most_frequent,영화관을 안방처럼 드나드는구나. 매번 새로 나온 영화를 챙겨보는 열정은 가상하나 그 돈을 모으면 더 큰일을 도모할 수 있을 터. 한 달에 한 번 문화의 날처럼 저렴한 날을 이용하는 지혜를 발휘해 보게.
롯데시네마 월드타워,most_spent,여럿이 함께 영화를 보며 큰돈을 쓴 게로구나. 통신사 할인이나 카드 할인을 꼼꼼히 챙겼는지 자문해 보게. 제값을 다 주고 보는 것만큼 어리석은 일도 없다네. 조금만 손품을 팔면 몇천 냥은 아낄 수 있음을 명심하게.
롯데시네마 월드타워,most_frequent,영화 보는 것이 유일한 낙이 되었는가? 세상에는 돈 안 들이고도 즐길 수 있는 것들이 많다네. 동네 도서관에서는 무료로 영화를 보여주기도 하니 그런 기회를 활용해 보게. 주머니는 채우고 마음은 풍요롭게 하는 방법일세.
메가박스 코엑스,most_spent,필시 좋은 자리에 앉겠다고 비싼 좌석을 예매했겠지. 허나 영화는 어느 자리에 앉든 내용은 같은 법. 조금 일찍 예매하여 저렴한 자리를 선점하거나 조조할인을 이용해 아침의 상쾌함과 함께 영화를 즐기는 것도 좋은 방도일세.
메가박스 코엑스,most_frequent,잦은 영화 관람이 습관이 되었다면 그 돈으로 차라리 한 달에 한 권 책을 사서 읽는 것은 어떤가? 영화가 주는 즉각적인 즐거움도 좋지만 책이 주는 깊은 여운은 그보다 더 오래가는 법이니라.
인터파크티켓(뮤지컬 예매),most_spent,허허 뮤지컬 한 편이 쌀 한 가마니 값이로구나. 좋은 공연은 삶을 풍요롭게 하지만 텅 빈 지갑은 마음을 가난하게 만드는 법. 가장 좋은 자리를 고집하기보다 조금 먼 자리에서 전체를 조망하는 멋을 느껴보는 것은 어떤가? 조기 예매 할인을 노리는 것도 지혜일세.
인터파크티켓(뮤지컬 예매),most_frequent,한 달에도 몇 번씩 공연장을 찾는 것은 과한 사치일세. 자네가 진정 예술을 사랑한다면 대학로나 소극장에서 열리는 작지만 실속 있는 연극을 찾아보게. 큰 공연은 일 년에 한두 번 가장 보고 싶은 것으로만 엄선하는 안목을 기르게나.
YES24티켓(콘서트 예매),most_spent,좋아하는 가수를 가까이서 보고 싶은 마음에 가장 비싼 좌석을 샀겠지. 그 뜨거운 열기는 이해한다만 순간의 즐거움을 위해 몇 달간 허리띠를 졸라매야 한다면 어찌 현명하다 하겠는가. 예산을 먼저 정하고 그에 맞는 좌석을 구하는 것이 순서일세.
YES24티켓(콘서트 예매),most_frequent,콘서트를 쫓아다니는 것이 취미가 되었구먼. 그 열정으로 돈을 모았다면 벌써 집 한 채는 샀을지도 모를 일. 좋아하는 가수의 앨범을 사서 좋은 음향 기기로 듣는다면 그 감동을 매일같이 저렴하게 느낄 수 있을 걸세.
교보문고 광화문점,most_spent,서점에 가서 마음에 드는 책을 이것저것 담다 보면 큰 지출로 이어지기 마련. 책은 지식의 보고이나 사놓고 읽지 않으면 종이뭉치에 불과하네. 먼저 동네 도서관에서 빌려 읽어보고 평생 곁에 두고 싶은 책만 구매하는 습관을 들이게.
교보문고 광화문점,most_frequent,서점에 자주 들러 책을 한두 권씩 사는 습관이 있구먼. 이는 훌륭한 습관이나 절약을 생각한다면 먼저 도서관을 이용하는 것이 좋으이. 또한 새 책만 고집할 것이 아니라 저렴한 중고 서적을 활용하는 것도 현명한 방법이니라.
영풍문고 강남점,most_spent,마음의 양식을 쌓겠다는 좋은 의도가 과소비로 이어졌구나. 베스트셀러라고 해서 모두 자네에게 유용한 것은 아닐세. 남들의 추천에 휩쓸리지 말고 진정 자네에게 필요한 책인지 심사숙고한 뒤에 지갑을 열게나.
영풍문고 강남점,most_frequent,책 구경을 핑계로 서점에 들렀다가 예정에 없던 책이나 잡지를 사들고 나오지는 않는가? 서점은 물건을 파는 가게임을 잊지 말게. 꼭 필요한 책이 있을 때만 목적을 가지고 방문하는 것이 지출을 줄이는 길일세.
넷플릭스 프리미엄,most_spent,매달 가장 비싼 요금제를 내고 있으면서 혹시 자네 혼자만 보고 있는 것은 아닌가? 함께 볼 가족이 없다면 요금제를 낮추어 낭비를 막는 것이 현명한 처사일세. 굳이 최고 화질이 아니어도 드라마를 즐기는 데는 아무런 문제가 없느니라.
넷플릭스 프리미엄,most_frequent,한 달 내내 바빠서 서너 편도 보지 못하면서 매달 꼬박꼬박 돈을 내고 있지는 않은가? 볼 것이 많을 때만 한두 달 집중적으로 보고 바쁠 때는 과감히 구독을 끊는 용기가 필요하네. 구독은 습관이 아니라 선택이어야 하네.
왓챠 프리미엄,most_spent,이 역시 넷플릭스와 마찬가지일세. 가장 비싼 요금제가 가장 좋은 것이라는 착각에서 벗어나게. 자네의 시청 습관에 맞는 합리적인 요금제를 선택하는 것이 곧 절약의 시작이니라.
왓챠 프리미엄,most_frequent,넷플릭스에 왓챠까지 자네의 눈이 두 개요 하루가 48시간인 것은 아닐 터. 한 번에 하나의 우물만 파게나. 보고 싶은 것을 다 본 뒤에 다른 구독으로 옮겨가는 것이 현명한 절약법일세. 쓰지도 않는 서비스에 매달 돈을 내는 것만큼 어리석은 일도 없다네.
멜론 무제한 스트리밍,most_spent,이 또한 매달 나가는 고정 지출이니 가장 비싼 요금제를 쓰고 있다면 점검이 필요하네. 혹시 음악을 내려받을 필요가 없다면 더 저렴한 온라인 스트리밍 전용 요금제로 바꾸는 것을 고려해보게.
멜론 무제한 스트리밍,most_frequent,음악 듣는 것을 좋아하여 매달 돈을 내는 것은 좋으나 혹시 다른 음악 서비스도 함께 구독하고 있지는 않은가? 가장 마음에 드는 서비스 하나만 남기고 나머지는 정리하게. 음악은 하나의 서비스로도 충분히 즐길 수 있느니라.
코레일 KTX(서울-부산),most_spent,먼 길을 빠르고 편하게 다녀오는 것은 좋으나 그 비용이 만만치 않구나. 다음에는 일찍부터 서둘러 조기 예매 할인을 노려보게. 조금만 부지런하면 차비의 상당액을 아낄 수 있을 걸세. 시간이 급하지 않다면 무궁화호나 새마을호를 타며 창밖 풍경을 즐기는 여유도 좋지 않겠는가.
코레일 KTX(서울-부산),most_frequent,한양과 부산을 제집 드나들 듯 다니는구나. 혹 잦은 유람으로 돈을 길바닥에 뿌리고 다니는 것은 아닌지 돌아보게. 꼭 가야 할 길이 아니라면 횟수를 줄이고 한 번 갈 때 여러 용무를 한꺼번에 보고 오는 지혜가 필요하네.
카카오T 택시(할증),most_spent,야심한 시간에 높은 할증 요금을 내고 택시를 탔다는 것은 그날의 유흥에 취해 마지막 버스를 놓쳤다는 뜻이겠지. 한순간의 편안함이 하루 일당을 앗아가는 법. 다음부터는 막차 시간을 염두에 두고 30분 먼저 자리에서 일어서는 습관을 들이게.
카카오T 택시(할증),most_frequent,걷거나 대중교통을 이용하면 될 것을 굳이 택시를 타는 것은 게으름의 소치일세. 택시는 위급하거나 짐이 많을 때만 이용하는 특별한 수단으로 여겨야 하네. 그 잦은 택시비만 모아도 한 달 식비는 족히 될 것이야.
티머니 충전(모바일),most_spent,한 번에 많은 돈을 충전하는 것은 나쁜 습관이 아닐세. 다만 자네의 한 달 교통비를 헤아려보고 만약 그 금액이 매우 크다면 기후동행카드나 알뜰교통카드 같은 제도를 알아보게. 나라에서 돕는 절약법을 이용하지 않는 것은 손해이니라.
티머니 충전(모바일),most_frequent,대중교통을 자주 이용하는 것은 칭찬할 일이나 혹 한두 정거장 거리도 습관처럼 버스를 타는 것은 아닌지 돌아보게. 맑은 날에는 가까운 거리를 걸어보는 것이 어떤가? 건강도 챙기고 푼돈도 아끼는 일석이조의 효과를 볼 걸세.
SK에너지 주유소 강남역점,most_spent,말(자동차)에게 기름을 가득 먹였구나. 기름값은 주유소마다 천차만별이니 스마트폰 앱을 이용해 주변에서 가장 저렴한 곳을 찾아가는 수고를 아끼지 말게. 또한 급출발 급정거를 삼가고 부드럽게 운전하는 것만으로도 기름을 크게 아낄 수 있느니라.
SK에너지 주유소 강남역점,most_frequent,주유소에 자주 들른다는 것은 그만큼 차를 많이 몬다는 뜻일세. 차가 발이 되어버렸는가? 꼭 필요하지 않은 이동이라면 차를 집에 두고 대중교통을 이용하거나 자전거를 타보는 것이 어떠한가. 차를 쉬게 하는 것이 가장 큰 절약법이니라.
GS칼텍스 주유소 수원영통점,most_spent,말(자동차)에게 기름을 가득 먹였구나. 기름값은 주유소마다 천차만별이니 스마트폰 앱을 이용해 주변에서 가장 저렴한 곳을 찾아가는 수고를 아끼지 말게. 또한 급출발 급정거를 삼가고 부드럽게 운전하는 것만으로도 기름을 크게 아낄 수 있느니라.
GS칼텍스 주유소 수원영통점,most_frequent,주유소에 자주 들른다는 것은 그만큼 차를 많이 몬다는 뜻일세. 차가 발이 되어버렸는가? 꼭 필요하지 않은 이동이라면 차를 집에 두고 대중교통을 이용하거나 자전거를 타보는 것이 어떠한가. 차를 쉬게 하는 것이 가장 큰 절약법이니라.
하이패스 선불 충전,most_spent,하이패스에 큰돈을 충전했다는 것은 고속도로를 자주 이용한다는 증거일세. 혹 목적지까지 국도로 갈 수 있는 방법은 없는지 살펴보았는가? 조금 늦더라도 통행료를 아끼는 것이 장기적으로는 큰돈을 모으는 길임을 명심하게.
하이패스 선불 충전,most_frequent,잦은 충전은 불필요한 장거리 운행이 많다는 신호일 수 있네. 먼 길을 갈 때는 기차나 버스를 이용하는 편이 기름값과 통행료 운전의 고단함까지 모두 아낄 수 있는 더 나은 선택일 수 있음을 헤아려보게.
쏘카 대여(3시간),most_spent,잠시 차를 빌리는 것이 편리할 수는 있으나 그 시간이 길어지면 배보다 배꼽이 더 커지는 법. 반나절 이상 차가 필요하다면 차라리 하루 단위로 빌리는 렌터카가 더 저렴할 수 있으니 꼼꼼히 비교해 보게.
쏘카 대여(3시간),most_frequent,필요할 때마다 차를 빌리는 습관이 들었구먼. 그 비용을 한 달 치 모아보게. 혹시 그 돈이면 차라리 중고 경차 한 대를 유지하는 편이 낫지는 않은지 혹은 대중교통과 택시를 섞어 쓰는 편이 더 저렴하지는 않은지 주판알을 튕겨볼 때일세.
그린카 대여(5시간),most_spent,잠시 차를 빌리는 것이 편리할 수는 있으나 그 시간이 길어지면 배보다 배꼽이 더 커지는 법. 반나절 이상 차가 필요하다면 차라리 하루 단위로 빌리는 렌터카가 더 저렴할 수 있으니 꼼꼼히 비교해 보게.
그린카 대여(5시간),most_frequent,필요할 때마다 차를 빌리는 습관이 들었구먼. 그 비용을 한 달 치 모아보게. 혹시 그 돈이면 차라리 중고 경차 한 대를 유지하는 편이 낫지는 않은지 혹은 대중교통과 택시를 섞어 쓰는 편이 더 저렴하지는 않은지 주판알을 튕겨볼 때일세.
공영주차장 시청지하,most_spent,도성 한복판의 주차비는 금값과 같거늘 오랜 시간 차를 세워두었구나. 다음부터는 목적지에서 조금 떨어진 저렴한 공영주차장을 이용하거나 외곽의 지하철역 주차장에 차를 대고 대중교통으로 들어오는 환승의 지혜를 발휘해 보게.
공영주차장 시청지하,most_frequent,복잡한 시내로 차를 끌고 가는 버릇은 주차비뿐만 아니라 시간과 기름까지 낭비하는 일일세. 시내에 볼일이 있을 때는 대중교통을 이용하는 것을 원칙으로 삼게. 몸은 조금 고되더라도 지갑은 평안을 얻을 것이야.
수도권 대중교통,most_spent,이 항목의 지출이 크다는 것은 활동 반경이 넓다는 뜻이니 나쁘게만 볼 것은 아닐세. 다만 앞서 말했듯 월 지출액을 계산하여 기후동행카드 같은 정기권이 더 유리하지는 않은지 반드시 따져보아야 하네.
수도권 대중교통,most_frequent,자네의 지출 내역에 대중교통 기록이 촘촘히 박혀있다면 이는 성실함의 증표일 수 있네. 칭찬할 일이나 여기서 더 아끼고 싶다면 짧은 거리는 걷는 습관을 더하는 것 외에는 다른 방도가 없으니 두 다리를 더욱 아끼고 사랑해주게나.
다이소 홍대입구역점,most_spent,천 냥짜리 물건도 열 개면 만 냥 백 개면 십만 냥이 되는 법. 싸다는 생각에 이것저것 집어 들다 보면 결국엔 시장에서 장을 본 것보다 더 큰돈을 쓰게 되네. 꼭 필요한 물건의 목록을 적어가서 그 외에는 거들떠보지 않는 냉철함이 필요하네.
다이소 홍대입구역점,most_frequent,다이소를 쌀가게 드나들 듯하는구나. 집에 똑같은 물건이 있는데도 또 사들이는 것은 아닌지 장롱과 서랍부터 확인하게. 당장 필요 없는 물건을 사서 쟁여두는 것은 현명한 소비가 아니라 공간의 낭비일 뿐일세.
오늘의집(온라인),most_spent,남의 번지르르한 집을 구경하다가 내 집도 그리 꾸미고 싶은 욕심에 과한 지출을 했구먼. 그림 속의 집과 나의 집은 다른 법. 꼭 필요한 가구인지 우리 집에 어울리는지 열 번은 고민하고 구매를 결정하게. 순간의 감상에 큰돈을 쓰지 말게나.
오늘의집(온라인),most_frequent,자질구레한 장식품을 하나둘 사 모으는 것이 취미인가? 집을 꾸미는 즐거움도 좋지만 그 끝이 먼지 쌓인 짐이 되어서는 곤란하네. 계절이 바뀔 때 꼭 필요한 물건 한두 가지만 바꾸어 기분을 내는 것으로 만족하는 지혜를 배우게.
이케아 광명점,most_spent,구경만 하러 갔다가 돌아오는 길에 수레 한가득 물건을 싣고 왔을 게야. 이케아는 계획 없이 갔다가는 낭패를 보기 십상인 곳일세. 필요한 가구의 치수를 정확히 재고 예산을 정한 뒤에 딱 그것만 보고 나오는 결단력이 필요하네.
이케아 광명점,most_frequent,이케아에 자주 간다는 것은 아직 자네의 집에 정리가 필요하다는 뜻일지도 모르겠네. 새로운 것을 사서 채우기 전에 지금 있는 물건들을 버리고 정리하는 것이 먼저일세. 집이 정돈되면 불필요한 소비 욕심도 사라지는 법이니라.
쿠팡 로켓배송,most_spent,무료 배송이라는 말은 세상에서 가장 비싼 미끼일세. 그 기준을 채우기 위해 당장 필요 없는 물건까지 장바구니에 담지는 않았는가? 배송비 몇 푼을 아끼려다 몇만 냥을 더 쓰는 어리석음을 범하지 말게.
쿠팡 로켓배송,most_frequent,오늘 주문하면 내일 온다는 편리함에 중독되었구나. 급하지 않은 물건이라면 장바구니에 모아두었다가 일주일에 한 번만 주문하는 습관을 들이게. 기다림의 미학을 배우면 충동적인 소비를 크게 줄일 수 있을 걸세.
마켓컬리 샛별배송,most_spent,신선한 식재료를 사러 갔다가 예쁘게 포장된 생활용품의 유혹에 넘어갔구먼. 컬리는 편리하지만 동네 시장보다 값이 비싼 물건이 많다는 것을 잊지 말게. 생활용품은 대형 마트에서 다른 물건과 함께 사는 것이 훨씬 저렴하다네.
마켓컬리 샛별배송,most_frequent,매일 아침 문 앞에 새로운 상자가 도착하는 것이 일상이 되었는가? 편리함에는 대가가 따르는 법. 내일 아침에 꼭 필요한 것이 아니라면 미리 계획하여 주말에 장을 보는 전통적인 방식을 따라보게. 그 편이 훨씬 알뜰하다네.
모던하우스 스타필드하남,most_spent,아기자기한 그릇과 침구에 마음을 뺏겼구나. 하지만 집에 있는 멀쩡한 그릇과 이불을 생각하게. 단순히 예쁘다는 이유로 살림을 늘리는 것은 낭비일 뿐만 아니라 훗날 이사할 때 큰 짐이 될 뿐일세.
모던하우스 스타필드하남,most_frequent,이런 가게들은 구경하는 것만으로도 지갑이 가벼워지는 곳이니 목적 없이 들르는 것을 삼가야 하네. 꼭 필요한 물건이 생겼을 때 예를 들어 수건이 낡았다거나 그릇이 깨졌을 때만 방문하는 것을 원칙으로 삼게.
자주 스타필드고양,most_spent,아기자기한 그릇과 침구에 마음을 뺏겼구나. 하지만 집에 있는 멀쩡한 그릇과 이불을 생각하게. 단순히 예쁘다는 이유로 살림을 늘리는 것은 낭비일 뿐만 아니라 훗날 이사할 때 큰 짐이 될 뿐일세.
자주 스타필드고양,most_frequent,이런 가게들은 구경하는 것만으로도 지갑이 가벼워지는 곳이니 목적 없이 들르는 것을 삼가야 하네. 꼭 필요한 물건이 생겼을 때 예를 들어 수건이 낡았다거나 그릇이 깨졌을 때만 방문하는 것을 원칙으로 삼게.
생활공작소(공식몰),most_spent,세제나 휴지 같은 생필품을 대량으로 구매했구먼. 이는 현명한 소비일 수 있으나 창고에 다 보관할 공간은 있는지 유통기한 내에 다 쓸 수 있는지 먼저 헤아려보게. 과유불급이라 너무 많은 재고는 오히려 짐이 될 수 있네.
생활공작소(공식몰),most_frequent,필요할 때마다 소량으로 주문하여 배송비를 여러 번 내고 있지는 않은가? 생필품은 어차피 계속 쓰는 것이니 다 떨어지기 전에 미리 목록을 작성해두었다가 한 달에 한 번 혹은 할인 행사를 할 때 한꺼번에 구매하는 것이 이득일세.
LG전자 베스트샵 강남본점,most_spent,가전은 한번 들이면 십 년을 쓰는 물건이니 순간의 욕심으로 가장 비싸고 화려한 것을 고르지 말게. 자네에게 정말로 필요한 기능이 무엇인지 냉정하게 판단해야 하네. 신제품이 나올 때를 기다려 구형이 된 제품을 저렴하게 사는 것도 큰 지혜이니라.
LG전자 베스트샵 강남본점,most_frequent,여보게 가전제품 가게는 농사지을 소를 사는 우시장과 같은 곳일세. 어찌 해마다 새 소를 들인단 말인가? 아직 쌩쌩한 물건을 바꾸는 것은 큰 낭비일 뿐만 아니라 환경에도 해로운 일일세. 가진 것에 만족하고 아껴 쓰는 법을 배우게.
삼성디지털프라자 판교점,most_spent,가전은 한번 들이면 십 년을 쓰는 물건이니 순간의 욕심으로 가장 비싸고 화려한 것을 고르지 말게. 자네에게 정말로 필요한 기능이 무엇인지 냉정하게 판단해야 하네. 신제품이 나올 때를 기다려 구형이 된 제품을 저렴하게 사는 것도 큰 지혜이니라.
삼성디지털프라자 판교점,most_frequent,여보게 가전제품 가게는 농사지을 소를 사는 우시장과 같은 곳일세. 어찌 해마다 새 소를 들인단 말인가? 아직 쌩쌩한 물건을 바꾸는 것은 큰 낭비일 뿐만 아니라 환경에도 해로운 일일세. 가진 것에 만족하고 아껴 쓰는 법을 배우게.
KT 인터넷요금,most_spent,혹시 자네 혼자 쓰기에는 너무 빠르고 비싼 인터넷을 쓰고 있는 것은 아닌가? 속도가 조금 느리더라도 훨씬 저렴한 요금제가 많으니 자네의 씀씀이에 맞는 요금제로 바꾸는 것을 알아보게.
KT 인터넷요금,most_frequent,통신사에 한번 약정을 맺었다고 평생 갈 것처럼 무심해서는 아니 되네. 3년 약정이 끝났다면 다른 통신사로 옮기며 더 큰 할인이나 상품을 받는 철새의 지혜를 발휘해 볼 때일세.
SKT 통신요금,most_spent,자네에게 맞지 않는 비싼 비단옷(요금제)을 입고 있는 것은 아닌가? 매달 남는 데이터와 통화량을 확인해보고 자네의 사용량에 꼭 맞는 저렴한 알뜰폰으로 갈아타는 것을 적극적으로 알아보게. 반값으로도 똑같은 편리함을 누릴 수 있느니라.
SKT 통신요금,most_frequent,인터넷 TV 휴대폰을 모두 한 통신사로 묶어 결합 할인을 받고 있는지 확인하게. 흩어져 있는 가족들을 한데 모으기만 해도 매달 상당한 금액을 아낄 수 있는 가장 쉬운 방법일세.
LG U+ 통신요금,most_spent,자네에게 맞지 않는 비싼 비단옷(요금제)을 입고 있는 것은 아닌가? 매달 남는 데이터와 통화량을 확인해보고 자네의 사용량에 꼭 맞는 저렴한 알뜰폰으로 갈아타는 것을 적극적으로 알아보게. 반값으로도 똑같은 편리함을 누릴 수 있느니라.
LG U+ 통신요금,most_frequent,인터넷 TV 휴대폰을 모두 한 통신사로 묶어 결합 할인을 받고 있는지 확인하게. 흩어져 있는 가족들을 한데 모으기만 해도 매달 상당한 금액을 아낄 수 있는 가장 쉬운 방법일세.
한전 전기요금(자동이체),most_spent,전기요금이 많이 나왔다는 것은 전기를 물 쓰듯 썼다는 증거일세. 오래된 가전제품이 있다면 에너지효율 1등급 제품으로 바꾸는 것을 고려해보게. 당장은 목돈이 들어도 길게 보면 전기세를 아껴 그 값을 하고도 남는다네.
한전 전기요금(자동이체),most_frequent,사람이 없는 방에 불을 훤히 켜두거나 쓰지 않는 전기 코드를 꽂아두는 습관부터 고치게. 잠자는 동안에도 전기는 새어 나가는 법. 작은 실천 하나하나가 모여 전기요금을 크게 줄일 수 있음을 명심하게.
도시가스(서울도시가스),most_spent,겨울철 가스비가 많이 나왔다면 집안의 단열을 점검해 볼 때일세. 창문에 뽁뽁이를 붙이고 문틈을 막아 온기가 새어 나가지 않도록 하는 것이 우선이네. 집을 덥히기 전에 먼저 온기를 지키는 것이 지혜일세.
도시가스(서울도시가스),most_frequent,목욕 시간을 절반으로 줄이고 요리할 때는 냄비 뚜껑을 꼭 닫는 습관을 들여보게. 작은 불꽃 하나 따뜻한 물 한 방울을 아끼는 마음이 모여야 가스비를 절약할 수 있는 법이니라.
수도요금(서울시 상수도),most_spent,혹시 집안 어딘가에서 물이 새고 있는 것은 아닌지 살펴보게. 변기 물탱크에 물감을 한 방울 떨어뜨려 보면 쉽게 확인할 수 있다네. 눈에 보이지 않는 낭비부터 막는 것이 절약의 기본일세.
수도요금(서울시 상수도),most_frequent,양치할 때 물을 틀어놓고 설거지할 때 물을 한없이 흘려보내는 습관은 당장 버려야 하네. 물을 받아서 쓰는 작은 습관의 변화만으로도 수도요금 고지서의 숫자가 달라지는 것을 보게 될 것이야.
아파트관리비(OO아파트),most_spent,관리비는 정해진 것이라 아낄 수 없다고 생각하면 오산일세. 관리비 명세서를 꼼꼼히 들여다보게. 전기 수도 난방비처럼 자네가 아껴 쓸 수 있는 항목이 숨어있다네. 남들이 쓴다고 나도 써야 한다는 생각은 버리게.
아파트관리비(OO아파트),most_frequent,매달 꼬박꼬박 나가는 관리비가 아깝거든 엘리베이터 대신 계단을 이용하고 아파트 헬스장을 부지런히 이용하여 그 혜택을 온전히 누리게. 낸 만큼 활용하는 것도 현명한 생활의 지혜이니라.
인터넷요금(SK브로드밴드),most_spent,혹시 자네 혼자 쓰기에는 너무 빠르고 비싼 인터넷을 쓰고 있는 것은 아닌가? 속도가 조금 느리더라도 훨씬 저렴한 요금제가 많으니 자네의 씀씀이에 맞는 요금제로 바꾸는 것을 알아보게.
인터넷요금(SK브로드밴드),most_frequent,통신사에 한번 약정을 맺었다고 평생 갈 것처럼 무심해서는 아니 되네. 3년 약정이 끝났다면 다른 통신사로 옮기며 더 큰 할인이나 상품을 받는 철새의 지혜를 발휘해 볼 때일세.
월세(원룸),most_spent,월세는 가장 큰 고정 지출이니 여기서 줄일 방도를 찾는 것이 가장 큰 절약일세. 지금 사는 곳이 자네의 형편에 비해 과분한 것은 아닌지 돌아보고 다음 계약 때는 조금 불편하더라도 월세가 저렴한 곳으로 옮기는 용기를 내보게.
월세(원룸),most_frequent,매달 나가는 월세가 아깝거든 하루빨리 내 집 마련을 위한 종잣돈을 모으는 데 힘쓰게나. 월세는 주인의 배만 불릴 뿐 자네에게 남는 것이 없지 않은가. 월세 고지서를 볼 때마다 저축의 의지를 불태우게.
유튜브 프리미엄 패밀리,most_spent,가족 요금제는 여럿이 함께 쓸 때 비로소 가치가 있는 법. 혹시 자네 혼자 쓰고 있다면 이는 닭 잡는 데 소 잡는 칼을 쓰는 격일세. 당장 식구들을 모아 이용료를 나누거나 혼자 쓰는 개인 요금제로 바꾸는 것이 마땅하네.
유튜브 프리미엄 패밀리,most_frequent,광고 없는 편리함에 익숙해져 정작 그 가치를 잊고 지내는 것은 아닌가? 한 달쯤 구독을 끊고 광고를 보며 지내보게. 그래도 정 불편하다면 그때 다시 구독해도 늦지 않네. 모든 구독은 당연한 것이 아니라 선택이어야 하느니라.
서울대병원 외래,most_spent,큰 병원에서 큰돈이 나갔다는 것은 몸에 이상 신호가 왔다는 뜻이니 걱정이 앞서는구나. 이럴 때를 대비하여 미리 들어둔 실비 보험이 있는지 꼼꼼히 확인해보게. 또한 나라에서 지원하는 본인부담상한제 같은 제도도 있으니 어려운 상황일수록 더 악착같이 알아봐야 하네.
서울대병원 외래,most_frequent,큰 병원에 자주 간다는 것은 꾸준한 관리가 필요한 지병이 있다는 뜻일세. 의원의 처방을 성실히 따르고 음식과 생활 습관을 개선하여 병의 뿌리를 다스리는 데 힘쓰게. 큰 병원으로 가는 발걸음을 줄이는 것이 곧 건강과 절약을 함께 잡는 길일세.
세브란스병원 검사비,most_spent,큰 병원에서 큰돈이 나갔다는 것은 몸에 이상 신호가 왔다는 뜻이니 걱정이 앞서는구나. 이럴 때를 대비하여 미리 들어둔 실비 보험이 있는지 꼼꼼히 확인해보게. 또한 나라에서 지원하는 본인부담상한제 같은 제도도 있으니 어려운 상황일수록 더 악착같이 알아봐야 하네.
세브란스병원 검사비,most_frequent,큰 병원에 자주 간다는 것은 꾸준한 관리가 필요한 지병이 있다는 뜻일세. 의원의 처방을 성실히 따르고 음식과 생활 습관을 개선하여 병의 뿌리를 다스리는 데 힘쓰게. 큰 병원으로 가는 발걸음을 줄이는 것이 곧 건강과 절약을 함께 잡는 길일세.
튼튼약국 사당점,most_spent,약값으로 큰돈을 썼다면 필시 의사의 처방 없이 몸에 좋다는 비싼 영양제나 건강식품을 산 것이로구나. 최고의 보약은 제철 음식으로 차린 건강한 밥상이니라. 약에 의존하기보다 먼저 자네의 밥상부터 점검하게.
튼튼약국 사당점,most_frequent,잔병치레로 약국 문턱을 자주 넘는 것은 몸의 기운이 허하다는 증거일세. 약으로 잠시 병을 누르기보다 근본적인 체력을 기르는 것이 우선이네. 일찍 자고 꾸준히 걷고 골고루 먹는 기본을 지키는 것이 가장 값싼 보약임을 잊지 말게.
온누리약국 잠실점,most_spent,약값으로 큰돈을 썼다면 필시 의사의 처방 없이 몸에 좋다는 비싼 영양제나 건강식품을 산 것이로구나. 최고의 보약은 제철 음식으로 차린 건강한 밥상이니라. 약에 의존하기보다 먼저 자네의 밥상부터 점검하게.
온누리약국 잠실점,most_frequent,잔병치레로 약국 문턱을 자주 넘는 것은 몸의 기운이 허하다는 증거일세. 약으로 잠시 병을 누르기보다 근본적인 체력을 기르는 것이 우선이네. 일찍 자고 꾸준히 걷고 골고루 먹는 기본을 지키는 것이 가장 값싼 보약임을 잊지 말게.
연세이비인후과 진료,most_spent,비급여 치료는 꼭 필요한 것인지 의원에게 다시 한번 꼼꼼히 묻고 결정하게. 한 의원의 말만 믿기보다 다른 의원을 찾아가 소견을 들어보는 것도 현명한 방법일세. 자네의 몸과 지갑은 스스로 지켜야 하느니라.
연세이비인후과 진료,most_frequent,코나 목에 탈이 잦다면 자네가 머무는 공간이 너무 건조하거나 탁하지는 않은지 살펴보게. 가습기로 습도를 조절하고 자주 환기하여 공기를 맑게 하는 것만으로도 병원 갈 일을 크게 줄일 수 있다네.
우리들치과 스케일링,most_spent,치아는 한번 상하면 큰돈이 들기 마련. 목돈이 들었다는 것은 이미 때를 놓쳤다는 뜻이니 안타깝구나. 앞으로는 일 년에 한 번 나라에서 지원해주는 저렴한 스케일링을 꼭 받아 미리미리 구강 건강을 챙기게. 호미로 막을 것을 가래로 막는 어리석음을 반복해서는 아니 되네.
우리들치과 스케일링,most_frequent,치과에 자주 간다는 것은 필시 칫솔질을 게을리했기 때문일 터. 매일 밤 잠자리에 들기 전 꼼꼼한 칫솔질은 하루의 피로를 푸는 것만큼이나 중요한 의식으로 삼아야 하네. 치실 사용을 습관화하는 것도 잊지 말게.
김안과 외래,most_spent,눈은 마음의 등불이라 하였거늘 그 등불을 고치는 데 큰돈이 들었구나. 값비싼 시술을 결정하기 전에 그것이 꼭 필요한 것인지 다른 대안은 없는지 충분히 알아보고 결정하는 신중함이 필요하네.
김안과 외래,most_frequent,눈이 자주 침침하고 피로하다면 어두운 곳에서 스마트폰을 너무 오래 들여다보고 있는 것은 아닌지 돌아보게. 한 시간에 한 번씩은 먼 산을 바라보며 눈을 쉬게 해주고 눈에 좋은 결명자차라도 한 잔 마시는 여유를 갖게.
필라테스 정기권,most_spent,몸을 바로 세우고자 큰돈을 쓰는 마음은 갸륵하나 섣부른 결심이 낭비로 이어질 수 있네. 처음부터 1년 치를 끊기보다 한두 달 먼저 다녀보고 자네의 몸과 마음에 맞는지 확인한 뒤에 결정해도 늦지 않네.
필라테스 정기권,most_frequent,비싼 돈을 내는 만큼 하루도 빠짐없이 운동에 정진해야 그 값이 아깝지 않을 걸세. 혹여 가는 횟수가 뜸해진다면 돈이 들지 않는 공원 걷기나 집에서 하는 스트레칭으로 건강을 다스리는 편이 훨씬 실속 있을 것이야.
헬스장 PT이용권,most_spent,장수의 지도를 받으며 운동하는 것은 좋으나 그 비용이 실로 만만치 않구나. 수십 회를 한 번에 결제하여 할인을 받는 것보다 열 번씩 끊어서 꾸준히 할 수 있는지 먼저 시험해보는 것이 현명하네. 의지가 비용을 앞서서는 아니 되느니라.
헬스장 PT이용권,most_frequent,비싼 돈을 내고 배우는 만큼 하나라도 더 배우고 익혀 혼자서도 운동할 수 있는 힘을 길러야 하네. 평생 스승에게만 의지할 수는 없는 법. 배운 것을 복습하고 스스로 운동하는 습관을 들여 점차 이용 횟수를 줄여나가게.
OO한의원 추나요법,most_spent,추나요법 같은 특별한 치료는 한번 받을 때 큰돈이 들기 마련. 치료에 앞서 실비 보험 적용이 되는지 확인하고 여러 번 받아야 한다면 예산을 미리 세워두는 계획성이 필요하네. 몸을 고치는 일일수록 더욱 냉철해야 하느니라.
OO한의원 추나요법,most_frequent,허리나 목이 아파 자주 한의원을 찾는다면 평소 자네의 자세부터 돌아보게. 구부정하게 앉거나 다리를 꼬는 습관이 병의 근원일 수 있네. 몸을 바로 세우는 습관을 들여야 밑 빠진 독에 물 붓기 같은 치료를 멈출 수 있을 걸세.
인프런(프리미엄강의),most_spent,큰돈을 들여 배움의 문을 열었으니 그 용기가 가상하구나. 허나 강의를 끝까지 듣지 않으면 아무 소용이 없는 법. 결제하기 전에 맛보기 강의를 통해 스승의 가르침이 자네와 맞는지 꼭 확인하고 한번 시작했으면 끝을 보는 끈기를 보여주게.
인프런(프리미엄강의),most_frequent,새로운 기술에 대한 호기심으로 이것저것 강의를 사 모으는 것은 아닌지 돌아보게. 강의 수집가가 되어서는 아니 되네. 이미 사둔 강의를 먼저 완주하는 것이 순서일세. 배움에도 선택과 집중이 필요하니라.
패스트캠퍼스 패키지,most_spent,큰돈을 들여 배움의 문을 열었으니 그 용기가 가상하구나. 허나 강의를 끝까지 듣지 않으면 아무 소용이 없는 법. 결제하기 전에 맛보기 강의를 통해 스승의 가르침이 자네와 맞는지 꼭 확인하고 한번 시작했으면 끝을 보는 끈기를 보여주게.
패스트캠퍼스 패키지,most_frequent,새로운 기술에 대한 호기심으로 이것저것 강의를 사 모으는 것은 아닌지 돌아보게. 강의 수집가가 되어서는 아니 되네. 이미 사둔 강의를 먼저 완주하는 것이 순서일세. 배움에도 선택과 집중이 필요하니라.
클래스101 취미클래스,most_spent,취미는 삶을 풍요롭게 하지만 그 시작에 너무 큰돈을 쓰는 것은 경계해야 하네. 특히나 준비물 꾸러미는 편리하지만 값이 비싼 경우가 많으니 꼭 필요한 물건인지 살펴보고 더 저렴하게 구할 방도는 없는지 손품을 팔아보게.
클래스101 취미클래스,most_frequent,한 가지 취미를 깊게 파고들기보다 여러 가지를 얕게 맛만 보고 있지는 않은가? 이는 재능의 낭비요 돈의 낭비일세. 먼저 시작한 것에서 작은 성취라도 이룬 뒤에 새로운 것을 시작해도 늦지 않다네.
교보문고(전공서적),most_spent,전공 서적 값은 언제나 부담스러운 법이지. 지식의 값은 비싸지만 지혜는 발품에 있느니라. 먼저 학교 도서관에 책이 있는지 확인하고 선배들에게 물려받거나 온라인 중고 서점을 통해 반값에 구하는 방법을 알아보게.
교보문고(전공서적),most_frequent,주 교재 한 권을 깊이 파고들기도 전에 참고서만 여러 권 사 모으는 것은 아닌가? 한 권의 책이라도 제대로 독파한다면 열 권을 겉핥기 한 것보다 더 큰 깨달음을 얻을 수 있음을 명심하게.
YES24(배송비 포함),most_spent,전공 서적 값은 언제나 부담스러운 법이지. 지식의 값은 비싸지만 지혜는 발품에 있느니라. 먼저 학교 도서관에 책이 있는지 확인하고 선배들에게 물려받거나 온라인 중고 서점을 통해 반값에 구하는 방법을 알아보게.
YES24(배송비 포함),most_frequent,주 교재 한 권을 깊이 파고들기도 전에 참고서만 여러 권 사 모으는 것은 아닌가? 한 권의 책이라도 제대로 독파한다면 열 권을 겉핥기 한 것보다 더 큰 깨달음을 얻을 수 있음을 명심하게.
해커스어학원 토익종합반,most_spent,굳은 결심 없이 덜컥 등록부터 하는 것은 돈을 길에 버리는 것과 같네. 학원에만 가면 실력이 저절로 늘 것이라는 착각을 버리게. 수업이 없는 날에도 스스로 예습과 복습을 철저히 해야만 그 비싼 수강료가 아깝지 않을 걸세.
해커스어학원 토익종합반,most_frequent,학원에만 의지해서는 실력이 늘지 않네. 배운 것을 실전에서 써먹는 것이 중요하니 돈이 들지 않는 언어 교환 모임이나 온라인 스터디를 활용해 보게. 스스로 연습하는 시간이 늘어나면 학원 가는 횟수를 줄여도 될 것이야.
YBM어학원 회화반,most_spent,굳은 결심 없이 덜컥 등록부터 하는 것은 돈을 길에 버리는 것과 같네. 학원에만 가면 실력이 저절로 늘 것이라는 착각을 버리게. 수업이 없는 날에도 스스로 예습과 복습을 철저히 해야만 그 비싼 수강료가 아깝지 않을 걸세.
YBM어학원 회화반,most_frequent,학원에만 의지해서는 실력이 늘지 않네. 배운 것을 실전에서 써먹는 것이 중요하니 돈이 들지 않는 언어 교환 모임이나 온라인 스터디를 활용해 보게. 스스로 연습하는 시간이 늘어나면 학원 가는 횟수를 줄여도 될 것이야.
EBS 수능특강,most_spent,배움에 필요한 책을 사는 것은 칭찬할 일이나 책장에 고이 모셔만 둘 것이라면 종이 낭비일 뿐일세. EBS의 가장 큰 장점은 무료 강의에 있거늘. 책을 샀다면 강의를 부지런히 들으며 한 글자도 빼놓지 않고 자네의 것으로 만들게.
EBS 수능특강,most_frequent,한 권씩 사다 보면 배송비가 더 들거나 여러 번 걸음하는 수고가 따른다네. 일 년의 계획을 미리 세워 필요한 교재 목록을 만든 뒤 한 번에 주문하여 배송비를 아끼거나 서점에서 할인 혜택을 받는 것이 현명하다네.
메가스터디 패스,most_spent,모든 강의를 들을 수 있다는 말에 현혹되어 가장 비싼 패스를 끊었구나. 자네에게 정말 필요한 과목은 몇 개 되지 않을 수 있네. 다음에는 자네의 약한 과목만 골라 단과 강의를 듣는 것을 고려해보게. 뷔페에 가서 김치만 먹고 올 수는 없지 않은가.
메가스터디 패스,most_frequent,작년에 들었던 패스는 얼마나 활용했는지 스스로에게 물어보게. 만약 절반도 듣지 못했다면 올해 또 같은 실수를 반복해서는 아니 되네. 자네의 의지를 과신하지 말고 꼭 필요한 만큼만 지불하는 습관을 들여야 하네.
국가기술자격시험 응시료,most_spent,시험에 응시하는 비용은 그동안 쏟은 노력과 시간에 대한 마지막 투자일세. 이번에는 붙겠지 하는 막연한 기대감으로 시험에 임하지 말게. 한번에 붙을 각오로 모든 준비를 마친 뒤에 도전해야 응시료를 아낄 수 있느니라.
국가기술자격시험 응시료,most_frequent,자꾸 낙방하여 응시료를 거듭 내는 것은 실력이 부족하기보다 준비가 부족한 탓일세. 다음 시험을 접수하기 전에 지난 실패의 원인을 냉철하게 분석하고 부족한 부분을 완전히 메운 뒤에 도전하게나. 준비되지 않은 시험은 돈 낭비일 뿐일세.
결혼식 축의금,most_spent,경조사비는 마음의 크기이지 돈의 액수가 아닐세. 남들의 눈을 의식하여 무리하기보다 자네의 형편에 맞게 성의를 표하는 것이 가장 중요하네. 친분에 따라 금액의 기준을 미리 정해두고 그 원칙을 지키는 뚝심이 필요하니라.
결혼식 축의금,most_frequent,길일이 몰린 달에는 허리가 휘청하기 마련이지. 이럴 때를 대비하여 매달 조금씩 돈을 모으는 경조사비 통장을 따로 만들어보게. 미리 곳간을 채워두면 갑작스러운 지출에도 흔들리지 않고 마음 편히 축하하고 위로할 수 있을 걸세.
장례식 부의금,most_spent,경조사비는 마음의 크기이지 돈의 액수가 아닐세. 남들의 눈을 의식하여 무리하기보다 자네의 형편에 맞게 성의를 표하는 것이 가장 중요하네. 친분에 따라 금액의 기준을 미리 정해두고 그 원칙을 지키는 뚝심이 필요하니라.
장례식 부의금,most_frequent,길일이 몰린 달에는 허리가 휘청하기 마련이지. 이럴 때를 대비하여 매달 조금씩 돈을 모으는 경조사비 통장을 따로 만들어보게. 미리 곳간을 채워두면 갑작스러운 지출에도 흔들리지 않고 마음 편히 축하하고 위로할 수 있을 걸세.
동호회 회비(월납),most_spent,그 모임이 자네에게 회비 이상의 기쁨과 가치를 주고 있는지 헤아려보게. 배움이나 성장이 없다면 그저 시간과 돈을 낭비하고 있는 것일 수 있네. 더 의미 있고 저렴한 모임을 찾아보는 것도 좋은 방법일세.
동호회 회비(월납),most_frequent,의리나 관성 때문에 더는 즐겁지 않은 모임에 꼬박꼬박 돈을 내고 있지는 않은가? 인간관계도 때로는 정리가 필요한 법. 자네에게 진정 소중한 인연에만 시간과 돈을 쓰는 것이 현명한 처사일세.
생일 선물(지인),most_spent,선물은 값비싼 물건보다 정성이 담긴 마음이 더 귀한 법일세. 비싼 물건 하나보다 상대가 진정 필요로 하는 저렴한 물건을 정성껏 고르거나 여러 친구와 함께 돈을 모아 부담을 나누는 지혜를 발휘해 보게.
생일 선물(지인),most_frequent,선물을 챙겨야 할 이가 많다는 것은 자네가 인간관계를 잘 가꿔왔다는 증거일세. 허나 매번 선물을 사다가는 지갑이 남아나질 않겠지. 미리 기념일을 적어두고 세일 기간을 노려 선물을 사두거나 손수 만든 카드나 음식으로 마음을 전하는 것도 좋은 방법이니라.
기념일 선물(배우자),most_spent,배우자를 기쁘게 하고 싶은 마음이야 굴뚝같겠으나 기념일 한 번에 큰돈을 쓰는 것은 바람직하지 않네. 값비싼 선물보다는 함께 오붓한 시간을 보내거나 일 년간 고마웠던 마음을 담은 손편지 한 장이 더 큰 감동을 줄 수 있음을 기억하게.
기념일 선물(배우자),most_frequent,해마다 돌아오는 기념일이 부담이 되어서는 아니 되네. 배우자와 함께 기념일을 위한 저축 통장을 만들어 매달 조금씩 돈을 모아보게. 함께 모은 돈으로 선물을 준비한다면 그 기쁨과 의미가 배가 될 것이야.
부모님 용돈,most_spent,효도는 마음에서 우러나오는 것이지 돈의 액수로 증명하는 것이 아닐세. 자네의 형편이 어려운데 무리해서 큰돈을 드리는 것은 오히려 부모님의 마음을 불편하게 할 수 있네. 정해진 예산 안에서 드리고 잦은 안부 전화와 방문으로 마음을 더하는 것이 진정한 효도일세.
부모님 용돈,most_frequent,매달 드리는 용돈은 소비가 아니라 계획의 영역에 두어야 하네. 월급날에 가장 먼저 부모님 용돈부터 이체하여 남는 돈으로 생활하는 습관을 들이게. 이는 효도를 실천하는 가장 확실하고 꾸준한 방법이니라.
정기후원금,most_spent,좋은 마음으로 시작한 나눔이 자네의 생계를 위협해서는 아니 되네. 큰돈 한번보다 적은 돈이라도 꾸준히 나누는 마음이 더 귀한 법. 자네가 감당할 수 있는 작은 금액부터 시작하여 형편이 나아지면 그때 늘려가도 늦지 않네.
정기후원금,most_frequent,자네의 귀한 돈이 좋은 곳에 잘 쓰이고 있는지 후원하는 단체를 주기적으로 살펴보는 것도 현명한 기부자의 도리일세. 또한 여러 곳에 푼돈을 나누기보다 한두 곳에 집중하여 꾸준히 후원하는 것이 더 의미 있는 나눔이 될 수 있네.
계모임 회비,most_spent,그 모임이 자네에게 회비 이상의 기쁨과 가치를 주고 있는지 헤아려보게. 배움이나 성장이 없다면 그저 시간과 돈을 낭비하고 있는 것일 수 있네. 더 의미 있고 저렴한 모임을 찾아보는 것도 좋은 방법일세.
계모임 회비,most_frequent,의리나 관성 때문에 더는 즐겁지 않은 모임에 꼬박꼬박 돈을 내고 있지는 않은가? 인간관계도 때로는 정리가 필요한 법. 자네에게 진정 소중한 인연에만 시간과 돈을 쓰는 것이 현명한 처사일세.
집들이 선물,most_spent,선물은 값비싼 물건보다 정성이 담긴 마음이 더 귀한 법일세. 비싼 물건 하나보다 상대가 진정 필요로 하는 저렴한 물건을 정성껏 고르거나 여러 친구와 함께 돈을 모아 부담을 나누는 지혜를 발휘해 보게.
집들이 선물,most_frequent,선물을 챙겨야 할 이가 많다는 것은 자네가 인간관계를 잘 가꿔왔다는 증거일세. 허나 매번 선물을 사다가는 지갑이 남아나질 않겠지. 미리 기념일을 적어두고 세일 기간을 노려 선물을 사두거나 손수 만든 카드나 음식으로 마음을 전하는 것도 좋은 방법이니라.
명절 선물세트,most_spent,명절이 코앞에 닥쳐 백화점에서 비싼 선물세트를 급하게 구매했구나. 명절 선물은 한두 달 전부터 미리 준비하는 것이 지혜로운 자의 방식일세. 온라인이나 직거래 장터를 이용하면 훨씬 저렴하고 실속 있는 선물을 구할 수 있음을 명심하게.
명절 선물세트,most_frequent,마음을 전하고 싶은 곳이 많은 것은 좋은 일이나 모든 곳에 값비싼 선물을 할 수는 없는 노릇. 관계의 깊이를 고려하여 선물의 등급을 나누고 어떤 곳에는 직접 만든 식혜나 한과를 어떤 곳에는 정성스런 손편지로 마음을 대신하는 유연함이 필요하네.
국민건강보험공단(고지서),most_spent,나라에 내는 돈이니 피할 수는 없으나 제도는 제대로 알고 이용해야 손해를 보지 않네. 소득이 줄었다면 건강보험료 조정 신청을 할 수 있고 납부가 어렵다면 분할 납부도 가능하니 무작정 내기보다 먼저 문의해보는 것이 순서일세.
국민건강보험공단(고지서),most_frequent,이는 비용이 아니라 자네와 가족의 미래를 위한 가장 기본적인 투자일세. 꼬박꼬박 내는 보험료가 아깝거든 나라에서 제공하는 무료 건강검진이라도 빠짐없이 챙겨 자네의 건강을 돌보게. 그것이 곧 낸 돈의 가치를 돌려받는 길이다.
국민연금공단(고지서),most_spent,나라에 내는 돈이니 피할 수는 없으나 제도는 제대로 알고 이용해야 손해를 보지 않네. 소득이 줄었다면 건강보험료 조정 신청을 할 수 있고 납부가 어렵다면 분할 납부도 가능하니 무작정 내기보다 먼저 문의해보는 것이 순서일세.
국민연금공단(고지서),most_frequent,이는 비용이 아니라 자네와 가족의 미래를 위한 가장 기본적인 투자일세. 꼬박꼬박 내는 보험료가 아깝거든 나라에서 제공하는 무료 건강검진이라도 빠짐없이 챙겨 자네의 건강을 돌보게. 그것이 곧 낸 돈의 가치를 돌려받는 길이다.
자동차세(서울시),most_spent,세금은 예고 없이 찾아오는 손님이 아니니 미리 곳간을 준비해두어야 하네. 특히 자동차세는 1월에 한 해 치를 미리 내면 할인(연납 할인)을 받을 수 있으니 이를 활용하면 큰돈을 아낄 수 있네.
자동차세(서울시),most_frequent,매년 내야 하는 세금이라면 이를 위한 세금 통장을 따로 만들어 매달 푼돈이라도 저축해두게. 큰돈이 한 번에 나가는 고통을 줄일 수 있을 뿐만 아니라 계획적인 살림 습관을 기르는 데도 도움이 될 걸세.
주민세(광역시),most_spent,세금은 예고 없이 찾아오는 손님이 아니니 미리 곳간을 준비해두어야 하네. 특히 자동차세는 1월에 한 해 치를 미리 내면 할인(연납 할인)을 받을 수 있으니 이를 활용하면 큰돈을 아낄 수 있네.
주민세(광역시),most_frequent,매년 내야 하는 세금이라면 이를 위한 세금 통장을 따로 만들어 매달 푼돈이라도 저축해두게. 큰돈이 한 번에 나가는 고통을 줄일 수 있을 뿐만 아니라 계획적인 살림 습관을 기르는 데도 도움이 될 걸세.
국세청 소득세,most_spent,소득세는 한 해 농사의 결과를 정산하는 것과 같네. 연말정산 시기에 공제 항목을 꼼꼼히 챙기지 않으면 내지 않아도 될 세금까지 내게 되는 법. 신용카드와 현금영수증 사용을 적절히 안배하고 월세나 교육비 등 공제받을 수 있는 것을 빠짐없이 챙기는 지혜가 필요하네.
국세청 소득세,most_frequent,소득이 있는 곳에 세금이 따르는 것은 당연한 이치. 세금 내는 것을 아까워하기보다 내가 낸 세금이 나라의 곳간을 채우고 어려운 이웃을 돕는 데 쓰인다고 생각하며 성실히 납부하는 것이 백성의 도리일세. 연체하여 가산세를 무는 어리석음은 피하게.
삼성화재 자동차보험,most_spent,보험료는 보험사마다 가입 조건마다 천차만별이니 여러 곳을 비교하지 않고 한곳만 믿는 것은 게으름의 소치일세. 매년 갱신 시기에는 보험다모아 같은 사이트를 통해 반드시 보험료를 비교하여 가장 저렴하고 합리적인 곳을 선택하게.
삼성화재 자동차보험,most_frequent,가장 확실한 자동차 보험료 절약법은 바로 안전 운전일세. 사고 없이 운전 경력이 쌓이면 보험료는 절로 내려가는 법. 또한 블랙박스를 설치하거나 운전자를 가족으로 한정하는 것만으로도 보험료를 아낄 수 있음을 기억하게.
현대해상 실비보험,most_spent,실비보험은 아플 때를 대비하는 가장 기본적인 방패이나 불필요한 특약까지 주렁주렁 달고 있지는 않은지 살펴보게. 자네의 나이와 건강 상태에 맞지 않는 과한 보장은 매달 돈을 길에 버리는 것과 같네.
현대해상 실비보험,most_frequent,몸이 변하고 세월이 흐르듯 필요한 보장도 달라지는 법. 2~3년에 한 번씩은 모든 보험 증권을 꺼내어 보고 중복되는 보장은 없는지 더 저렴하고 좋은 상품은 새로 나오지 않았는지 반드시 점검해야 하네.
DB손해보험 운전자보험,most_spent,보험료는 보험사마다 가입 조건마다 천차만별이니 여러 곳을 비교하지 않고 한곳만 믿는 것은 게으름의 소치일세. 매년 갱신 시기에는 보험다모아 같은 사이트를 통해 반드시 보험료를 비교하여 가장 저렴하고 합리적인 곳을 선택하게.
DB손해보험 운전자보험,most_frequent,가장 확실한 자동차 보험료 절약법은 바로 안전 운전일세. 사고 없이 운전 경력이 쌓이면 보험료는 절로 내려가는 법. 또한 블랙박스를 설치하거나 운전자를 가족으로 한정하는 것만으로도 보험료를 아낄 수 있음을 기억하게.
메리츠화재 펫보험,most_spent,말 못 하는 짐승이라도 한 식구이니 아플 때를 대비하는 그 마음은 갸륵하구나. 허나 보장 내용을 꼼꼼히 살피지 않고 가입했다가는 정작 필요할 때 혜택을 받지 못할 수 있네. 피부병이나 슬개골 탈구처럼 자주 발생하는 질병이 보장되는지 자기부담금은 얼마인지 명확히 알고 가입해야 하네.
메리츠화재 펫보험,most_frequent,가장 좋은 보험은 반려동물이 아프지 않고 건강한 것일세. 매달 나가는 보험료가 아깝거든 그만큼 더 좋은 사료를 먹이고 매일 산책하며 교감하는 시간을 늘리게. 예방이 최고의 절약임을 잊지 말게나.
교보생명 종신보험,most_spent,종신보험은 남은 가족을 위한 것이니 그 뜻은 깊으나 자네가 한 집안의 가장이 아니라면 그 필요성을 다시 한번 고민해보아야 하네. 보험은 만약을 위한 대비이지 재산을 불리는 저축이 아님을 명심하게.
교보생명 종신보험,most_frequent,매달 내는 보험료가 부담이 된다면 이는 자네의 형편에 맞지 않는 옷을 입고 있는 것일 수 있네. 보장 금액을 조금 낮추거나 종신보험 대신 더 저렴한 정기보험으로 바꾸는 것을 고려해보게. 현재의 삶이 무너져서는 아니 되네.
쿠팡(해외직구),most_spent,특별 할인이나 오늘만 이 가격이라는 말에 홀려 정작 필요도 없는 물건을 산더미처럼 사들였구나. 상인의 달콤한 말에 속지 말게. 물건을 사기 전 이것이 꼭 필요한가 스스로에게 세 번은 묻고 답하는 습관을 들여야 하네.
쿠팡(해외직구),most_frequent,손가락 하나로 물건을 살 수 있는 편리함이 자네의 지갑을 좀먹고 있네. 심심할 때마다 장바구니를 채우는 습관은 당장 버리게. 스마트폰에서 쇼핑 앱을 지우고 일주일에 하루 날을 정해 필요한 것만 모아서 사는 지혜를 발휘하게나.
지마켓 글로벌,most_spent,특별 할인이나 오늘만 이 가격이라는 말에 홀려 정작 필요도 없는 물건을 산더미처럼 사들였구나. 상인의 달콤한 말에 속지 말게. 물건을 사기 전 이것이 꼭 필요한가 스스로에게 세 번은 묻고 답하는 습관을 들여야 하네.
지마켓 글로벌,most_frequent,손가락 하나로 물건을 살 수 있는 편리함이 자네의 지갑을 좀먹고 있네. 심심할 때마다 장바구니를 채우는 습관은 당장 버리게. 스마트폰에서 쇼핑 앱을 지우고 일주일에 하루 날을 정해 필요한 것만 모아서 사는 지혜를 발휘하게나.
11번가 해외배송,most_spent,특별 할인이나 오늘만 이 가격이라는 말에 홀려 정작 필요도 없는 물건을 산더미처럼 사들였구나. 상인의 달콤한 말에 속지 말게. 물건을 사기 전 이것이 꼭 필요한가 스스로에게 세 번은 묻고 답하는 습관을 들여야 하네.
11번가 해외배송,most_frequent,손가락 하나로 물건을 살 수 있는 편리함이 자네의 지갑을 좀먹고 있네. 심심할 때마다 장바구니를 채우는 습관은 당장 버리게. 스마트폰에서 쇼핑 앱을 지우고 일주일에 하루 날을 정해 필요한 것만 모아서 사는 지혜를 발휘하게나.
네이버페이(쇼핑),most_spent,특별 할인이나 오늘만 이 가격이라는 말에 홀려 정작 필요도 없는 물건을 산더미처럼 사들였구나. 상인의 달콤한 말에 속지 말게. 물건을 사기 전 이것이 꼭 필요한가 스스로에게 세 번은 묻고 답하는 습관을 들여야 하네.
네이버페이(쇼핑),most_frequent,손가락 하나로 물건을 살 수 있는 편리함이 자네의 지갑을 좀먹고 있네. 심심할 때마다 장바구니를 채우는 습관은 당장 버리게. 스마트폰에서 쇼핑 앱을 지우고 일주일에 하루 날을 정해 필요한 것만 모아서 사는 지혜를 발휘하게나.
SSG.COM 새벽배송,most_spent,특별 할인이나 오늘만 이 가격이라는 말에 홀려 정작 필요도 없는 물건을 산더미처럼 사들였구나. 상인의 달콤한 말에 속지 말게. 물건을 사기 전 이것이 꼭 필요한가 스스로에게 세 번은 묻고 답하는 습관을 들여야 하네.
SSG.COM 새벽배송,most_frequent,손가락 하나로 물건을 살 수 있는 편리함이 자네의 지갑을 좀먹고 있네. 심심할 때마다 장바구니를 채우는 습관은 당장 버리게. 스마트폰에서 쇼핑 앱을 지우고 일주일에 하루 날을 정해 필요한 것만 모아서 사는 지혜를 발휘하게나.
우체국 택배(선불),most_spent,무겁고 큰 물건을 부쳐 큰돈이 들었구나. 다음부터는 물건을 포장할 때 상자의 크기를 최대한 줄여 부피를 작게 만드는 노력을 해보게. 또한 우체국과 편의점 택배의 요금을 비교하여 자네의 물건에 더 저렴한 쪽을 선택하는 꼼꼼함이 필요하네.
우체국 택배(선불),most_frequent,잦은 택배 발송은 그만큼 불필요한 물건을 사거나 사람들과의 만남을 소홀히 한다는 증거일 수 있네. 물건은 직접 만나 정겹게 건네고 온라인 중고 거래도 꼭 필요한 것만 하도록 하게. 오가는 택배비만 모아도 한 끼 밥값은 족히 될 걸세.
CU편의점 택배,most_spent,무겁고 큰 물건을 부쳐 큰돈이 들었구나. 다음부터는 물건을 포장할 때 상자의 크기를 최대한 줄여 부피를 작게 만드는 노력을 해보게. 또한 우체국과 편의점 택배의 요금을 비교하여 자네의 물건에 더 저렴한 쪽을 선택하는 꼼꼼함이 필요하네.
CU편의점 택배,most_frequent,잦은 택배 발송은 그만큼 불필요한 물건을 사거나 사람들과의 만남을 소홀히 한다는 증거일 수 있네. 물건은 직접 만나 정겹게 건네고 온라인 중고 거래도 꼭 필요한 것만 하도록 하게. 오가는 택배비만 모아도 한 끼 밥값은 족히 될 걸세.
크린토피아 잠실새내점,most_spent,계절이 바뀌어 묵은 옷을 한꺼번에 맡겼구나. 옷을 아끼는 마음은 좋으나 모든 옷을 세탁소에 맡길 필요는 없네. 집에서 세탁할 수 있는 옷과 아닌 것을 구분하는 법을 배우게. 웬만한 셔츠나 니트는 집에서 손빨래하는 것만으로도 충분하다네.
크린토피아 잠실새내점,most_frequent,매주 와이셔츠 몇 벌을 맡기는 습관이 있다면 이는 게으름에 대한 벌금과 같네. 다림질이 조금 서툴고 귀찮더라도 직접 하는 습관을 들여보게. 처음에는 쭈글쭈글해도 몇 번 하다 보면 장인이 될 것이고 지갑은 두둑해질 것이야.
준오헤어 강남본점,most_spent,머리카락은 자라나는 것이요 유행은 돌고 도는 법. 한 번의 사치로 몇 달 치 식비를 태워서는 아니 되네. 이름난 명장에게 맡기지 않아도 자네의 멋은 충분히 살아날 수 있으니 다음에는 조금 더 실속 있는 미용실을 찾아보는 용기를 내게.
준오헤어 강남본점,most_frequent,뿌리 염색이나 간단한 다듬기를 위해 매번 비싼 미용실을 찾는 것은 큰 낭비일세. 큰 변화가 필요할 때만 이름난 곳을 찾고 평소 관리는 동네의 실력 좋고 저렴한 곳을 뚫어두는 것이 현명한 자의 방식이니라.
호텔스컴바인(해외호텔),most_spent,천 리 길도 한 걸음부터 큰 여행도 푼돈 모으기부터 시작되는 법. 먼 곳으로 떠나 큰돈을 썼다면 그 경험이 헛되지 않도록 마음속에 잘 담아두게. 다음 여행을 계획할 때는 비수기를 노리고 반년 전부터 미리 예약하여 비용을 절반으로 줄이는 지혜를 발휘하게.
호텔스컴바인(해외호텔),most_frequent,주말마다 가까운 곳으로 훌쩍 떠나는구나. 그 역마살은 부럽다만 매번 잠자리에 큰돈을 쓸 수는 없는 노릇. 가끔은 당일치기로 다녀오거나 민박이나 친구 집을 이용하는 등 숙박의 형태를 다양하게 하여 부담을 줄여보게. 진정한 여행의 멋은 잠자리의 화려함에 있지 않느니라.
아디다스 코엑스점,most_spent,운동화나 운동복은 자주 사지 않아도 되는 물건이네. 유행을 좇아 매번 새로 사들이기보다 오래 신어도 질리지 않는 기본 아이템을 몇 벌 갖추는 것이 현명한 소비일세. 또한 백화점보다는 아울렛이나 온라인 쇼핑몰을 이용하는 지혜를 발휘하게.
아디다스 코엑스점,most_frequent,운동을 핑계로 이것저것 운동화와 운동복을 사들이는 것은 아닌가? 옷장에 입지 않는 옷이 늘어나는 것은 자네의 패션 감각이 떨어져서가 아니라 소비 습관이 잘못되었기 때문일 수 있네. 진정한 운동은 옷이 아닌 몸에서 나오는 법이니라.
유니클로 여의도IFC몰,most_spent,옷은 자주 사지 않아도 되는 물건이네. 유행을 좇아 매번 새로 사들이기보다 오래 입어도 질리지 않는 기본 아이템을 몇 벌 갖추는 것이 현명한 소비일세. 또한 백화점보다는 아울렛이나 온라인 쇼핑몰을 이용하는 지혜를 발휘하게.
유니클로 여의도IFC몰,most_frequent,옷을 핑계로 이것저것 사들이는 것은 아닌가? 옷장에 입지 않는 옷이 늘어나는 것은 자네의 패션 감각이 떨어져서가 아니라 소비 습관이 잘못되었기 때문일 수 있네. 진정한 멋은 옷이 아닌 몸에서 나오는 법이니라.